309894643,41.9953933,21.4315704,restaurant,Пелистер,italian,Плоштад Македонија,1000,,Skopje,Mo-Th 07:00-00:00; Fr-Sa 07:00-01:00; Su 10:30-00:00,,,,,,https://www.pelisterhotel.com.mk/,,yes,,,,,,,,
310289760,42.0001541,21.416703,cafe,Броз Кафе,,,,,Skopje,,,,,,,,,,,,,,,,,
310348048,41.9985413,21.3918782,fast_food,Лап Лап,,,,,Skopje,,,,,,,,,,,,,,,,,
470916907,42.0003611,21.4268596,fast_food,Жито Леб,,,,,Skopje,,,,,,,,,,,,,,,,,
481098096,42.0031464,21.3995191,restaurant,Енрико,italian,,,,Skopje,,,,,,,,,,,,,,,,,
577538782,42.0198926,21.4349372,restaurant,Prince,,,,,Skopje,,,,,,,,,,,,,,,,,
600905655,42.0028498,21.3926682,restaurant,Две капки,,Хелсинки,,,Skopje,,,158а,,,,,,,,,,,,,,
696669231,41.9869006,21.4368796,restaurant,иВ,,,,,Skopje,,,,,,,,,,,,,,,,,
908273280,42.0001669,21.4369808,bar,Клуб Капан Ан,,,,,Skopje,,,,,,,,,,,,,,,,,
908273433,42.0003099,21.4367576,restaurant,Туpиcт,regional,,,,Skopje,,,,,,,,,,,,,,,,,
918590533,41.98705,21.4313196,fast_food,four seasons,pizza,,,,Skopje,,,,,,,,,,,,,,,,,
933634409,41.9896275,21.4597832,fast_food,Fast food 7,,,,,Skopje,,,,,,,,,,,,,,,,,
1381654588,41.9990725,21.4217901,fast_food,Гирадико,kebab,,,,Skopje,,,,,,,,,,,,,,,,,
1475328750,42.0464013,21.3462963,restaurant,Restoran Tomi,regional,,,,Skopje,,,,,,,,,,,,,,,,,
1475388232,42.0299906,21.3508185,restaurant,Meraklii,regional,,,,Skopje,,,,,,,,,,,,,,,,,
1475404531,42.0078102,21.3695897,fast_food,Пинк,,,,,Skopje,,,,,,,,,,,,,,,,,
1535266560,41.9782792,21.4820381,restaurant,Ресторан Рагуза 919,,,,,Skopje,,,,,,,,,,,,,,,,,
1562023466,41.9993401,21.4358564,bar,Менада,,,,,Skopje,,,,,,,,,no,,,,,,,,
1577483516,42.0035286,21.3975417,restaurant,Старо Буре,international,,,,Skopje,,,,,,,,,,,,,,,,,
1577485951,42.0065185,21.3741187,restaurant,62,regional,,,,Skopje,,,,,,,,,,,,,,,,,
1615830879,42.0034224,21.398346,cafe,Fluid,,,,,Skopje,,,,,,,,,,,,,,,,,
1851476158,41.991008,21.446918,bar,Club Colloseum,,,,,Skopje,,,,,,,,,,,,,,,,,
1857486052,42.0019716,21.4647397,restaurant,Тица - Елени,barbecue,,,,Skopje,,,,,,,,,,,,,,,,,
1866179709,41.9930256,21.4302496,fast_food,Pizza FRESKO,italian,Македонија,1000,,Skopje,,,12,+389 70 567295,,,http://www.facebook.com/Picerijafresko,,yes,,,,,,,,
5268700370,42.0044372,21.3931934,restaurant,Pizza Jakomo,pizza,Никола Русински,1000,,Skopje,,,15,+37976338668;+38978338668,,yes,http://www.pizzajakomo.com/,,,,,yes,,,,,
5284221297,42.0021654,21.4216722,bar,Kaldrma,,,,,Skopje,,,,,,,,,,,,,,,,,
5284221299,42.0022762,21.4217791,bar,Van Gogh,,,,,Skopje,,,,,,,,,,,,,,,,,
5288522422,41.9958526,21.4230134,cafe,Еу ејџ,,,,,Skopje,,,,,,,,,,,,,,,,,
5289706560,41.9915759,21.4279999,fast_food,Burger King,,,,,Skopje,,,,,,,,,,,,,,,,,
6830542186,42.0054082,21.4112093,restaurant,Kaj chme,,,,,Skopje,,,,,,,,,,,,,,,,,
1000000121511815,41.995115,21.422204,restaurant,Ка,grill;local,Митрополит Теодосиј Гологанов,1000,yes,Skopje,,wlan,32b,023214350,,,,,,,,,,,,,
1000000121511817,41.9954805,21.4182853,restaurant,Ѓезме,regional,,1000,yes,Skopje,,,,,,,,,,,,,,,,,
1000000122862785,41.9989973,21.422976,restaurant,Мечос,pizza,Аминта Трети,1000,yes,Skopje,,,,,,,,,,,,,,,,,
1000000123273654,41.976999,21.3743398,restaurant,Св.Пантелејмон - Клет,regional,,1000,yes,Skopje,,,,,,,,,,,,,,,,,
1000000163025981,41.9990758,21.4235227,cafe,Coffee Factory,,Ленинова,1000,yes,Skopje,,,33,,,,,,,,,,,,,,
1000000477325827,42.0021418,21.4220786,restaurant,Чамо,,,,yes,Skopje,,,,,,,,,,,,,,,,,
1000000477325830,42.0021744,21.4222887,restaurant,Ganza,,Ѓорѓи Пешков,,yes,Skopje,,,4,,,,,,,,,,,,,,
1000000477325836,42.0012248,21.4194824,restaurant,Antica,regional,Дебарца,1000,yes,Skopje,,,53,,,yes,,,,,,,,,,,
1000000686912550,42.0258581,21.3803929,restaurant,Krcma Zuto Kombe,regional,,,,Skopje,,,,+389 76 462374,outside,yes,http://www.temovbeer.com/,,,Temov Brewery,,,,,,,
459668143,42.0047876,21.4307036,restaurant,Под Кале,,,,,Skopje,,,,,,,,,,,,,,,,,
459668914,41.9943261,21.4342799,restaurant,Кај Џино,italian,,,,Skopje,,,,+389 2 3121109,outside,yes,http://www.restorangino.mk/,,,,contact@restorangino.mk,,,,,,
459669063,41.9952456,21.4350117,restaurant,Плаза де Торос,Latin_American,Кеј 13 Ноември,1000,,Skopje,,,,,,,,,,,,,,,,,
459670767,41.9952414,21.4310013,cafe,Caffe Skopje,,Македонија,1000,,Skopje,08:00-12:00,,,,,,,,,,,,,,,,
459670779,41.9933851,21.4301082,cafe,Ливинг Рум,,Македонија,1000,,Skopje,Mo-Th 08:00-24:00; Fr Sa 08:00-01:00; Su 10:00-24:00,,,+389 75 898989,outside,yes,,,,,,,,,,,
459670881,41.992653,21.429836,cafe,Плеј Кафе,,Македонија,1000,,Skopje,,,,,,,,,,,,,,,,,
459801246,42.0031059,21.3999451,cafe,Мартини,,,,,Skopje,,,,,,,,,,,,,,,,,
459802458,42.0047028,21.4159604,cafe,Бугати,,,,,Skopje,,,,,,,,,,,,,,,,,
1132688809,41.9953819,21.3274583,restaurant,River Side,,,,,Skopje,,,,,,,,,,,,,,,,,
1355292490,42.0009888,21.417262,cafe,Кафе Змија,,,,,Skopje,,,,,,,,,,,,,,,,,
5289706561,41.9913338,21.4276864,restaurant,Star Ocean,,,,,Skopje,,,,,,,,,,,,,,,,,
5292123332,42.0006556,21.4142706,fast_food,Fatness house,,,,,Skopje,,,,,,,,,,,,,no,,,,
5292130834,41.9768128,21.4444199,cafe,63,,,,,Skopje,,,,,,,,,,,,,,,,,
5292130848,42.0005187,21.4149006,restaurant,Fitness house,,,,,Skopje,,,,,,,,,,,,,,,,,
5292130849,41.9965778,21.424583,fast_food,American best burger,,,,,Skopje,,,,,,,,,,,,,,,,,
5299947547,42.0029952,21.4000902,fast_food,Foodio,,,,,Skopje,,,,,,,,,,,,,,,,,
5303948278,42.0078535,21.3688665,bar,Hazard Club,,,,,Skopje,,,,,,,,,,,,,,,,,
5324087246,42.0053295,21.4106644,bar,Tesla Bar,,,,,Skopje,,,,,,,,,,,,,,,,,
5331095878,42.0065896,21.4020786,fast_food,Etna,,,,,Skopje,,,,,,,,,,,,,,,,,
5333318377,42.0028979,21.400699,fast_food,Жужу Бургер,,,,,Skopje,,,,,,,,,,,,,,,,,
5333583388,42.0034483,21.3991821,cafe,Giovani,regional,,,,Skopje,,,,,,,,,,,,,,,,,
5339772021,41.9947622,21.4290413,bar,Centar Bar,,,1000,,Skopje,Mo-Su 09:00-23:00,,,,,,,,,,,,,,,,
5402663235,41.9830723,21.4711307,bar,Coffeelix,coffee_shop,Булевар Јане Сандански,1000,,Skopje,Mo-Su 09:00-00:00,,,,,,,,,,,,,,,,
5626432520,42.0013712,21.4210921,restaurant,Идадија,,,,,Skopje,,,,,,,,,,,,,,,,,
5626433431,42.001453,21.4214837,restaurant,Наџак,,,,,Skopje,,,,,,,,,,,,,,,,,
5626433480,42.0007591,21.420049,restaurant,Дебар Маало,,,,,Skopje,,,,,,,,,,,,,,,,,
5626433502,42.0014888,21.4208615,restaurant,Кај Перо,,,,,Skopje,,,,,,,,,,,,,,,,,
5659318796,42.0002331,21.423451,bar,Radio bar,,,,,Skopje,,,,,,,,,,,,,,,,,
5660202454,41.9999867,21.4231465,fast_food,Dogs bar,,,,,Skopje,,,,,,yes,,,,,,,,,,,
5687563887,41.9944177,21.4318165,fast_food,BubbleWaffle's,waffle,Димитрие Чуповски,1000,,Skopje,10:00-21:00,,2,+389 78 243 483,,no,https://www.facebook.com/bubblewaffleskopje/,yes,,,,,no,,,,
5690140438,41.9922468,21.4264143,cafe,DejaVu,,,,,Skopje,,,,,,,,,,,,,,,,,
5690140660,41.9922273,21.4266738,cafe,Istanbul,,,,,Skopje,,,,,,,,,,,,,,,,,
5692608680,41.9990664,21.4236496,restaurant,Gostilnica Estel,kebab,,,,Skopje,,,,,,yes,,,,Estel,,,,,,,
5713714222,42.0229571,21.3885778,cafe,AvAv Dog Park,,,,,Skopje,,,,,,,,,,,,,,,,,
5759414045,41.9937893,21.4661079,bar,Bar,,,,,Skopje,,,,,,,,,,,,,,,,,
5770427174,42.0063483,21.3740403,restaurant,Aleksandrija,,,,,Skopje,,,,,,,,,,,,,,,,,
6814246713,42.0023225,21.4389514,fast_food,Doner,,,,,Skopje,,,,,,,,,,,,,,,,,
6814246719,42.0004802,21.4398152,fast_food,Turkish Doner,,,,,Skopje,,,,,,,,,,,,,,,,,
6814246723,41.999797,21.4373153,cafe,Bomonti,,,,,Skopje,,,,,,,,,,,,,,,,,
6814246724,41.9999786,21.4373399,restaurant,Concept,,,,,Skopje,,,,,,,,,,,,,,,,,
1676857177,41.9843967,21.4871492,restaurant,Рибен ресторан Рибар (Одисеја),fish,,,,Skopje,,,,,,,,,,,,,,,,,
1747649203,41.9946274,21.4151525,restaurant,Крчма,,,,,Skopje,,,,,,,,,,,,,,,,,
1748017584,41.9904847,21.4204907,restaurant,Marana,regional,,,,Skopje,,,,,,,,yes,,,,,,,,,
1751563134,41.9947645,21.4245254,restaurant,Pastel Wine & Dine,international,Булевар Климент Охридски,,,Skopje,Mo-Fr 06:30-21:00; Sa 06:30-17:00; Su 06:30-16:00,wlan,66,+389 2 3214447,outside,,http://pastel.mk/,yes,yes,,,,,,,yes,yes
1752178268,41.9922398,21.4163482,restaurant,511,italian,,,,Skopje,,,,,,,,,,,,,,,,,
1752184797,41.997291,21.4091295,cafe,Ли,coffee_shop,,,,Skopje,,,,,,,,,,,,,,,,,
1752186795,41.9972291,21.4086601,restaurant,Акорд,,,,,Skopje,,,,,,,,,,,,,,,,,
6814247285,42.0021842,21.4384421,fast_food,Hamza Doner,,,,,Skopje,,,,,,,,,,,,,,,,,
411006922,41.9947432,21.4140669,restaurant,Интермецо,,,,,Skopje,,,,,,,,,,,,,,,,,
411008299,41.9948867,21.4232268,cafe,Benneton,,,,,Skopje,,,,,,,,,,,,,,,,,
411008532,41.9948604,21.4230113,cafe,AMG,,,,,Skopje,,,,,,,,,,,,,,,,,
411009859,41.9955693,21.4253358,cafe,Стрип,,Димитрија чуповски,,,Skopje,,,24,,,,,,,,,,,,,,
429175192,41.9768256,21.4438183,restaurant,Журнал,,,,,Skopje,,,,,,,,,,,,,,,,,
441057694,42.0051454,21.4082395,cafe,Cafeteria,,,,,Skopje,,,,,,,,,,,,,,,,,
6815434688,41.9967222,21.4225095,cafe,Toto,,,,,Skopje,Mo-Sa 08:00-01:00,,,,,,,,,,,,,,,,
6815434690,42.00005,21.4176339,fast_food,Петле,,,,,Skopje,,,,,,,,,,,,,,,,,
6815434691,41.9971719,21.4086507,restaurant,Млечен Бар,,,,,Skopje,,,,,,,,,,,,,,,,,
6815454785,41.9945241,21.4244578,restaurant,Букет,,,,,Skopje,,,,,,,,,,,,,,,,,
6815559888,41.9981835,21.4234973,cafe,Shakespeare Cafe,,Булевар Партизански Одреди,1000,,Skopje,Mo-Su 08:00-00:00,,23,,,yes,,,,,,,,,,,
6815918386,41.9963262,21.4243264,restaurant,Mosh,,,,,Skopje,,,,,,,,,,,,,,,,,
6815925985,41.9974479,21.4223059,cafe,Juicy&co,,,,,Skopje,,,,,,,,,,,,,,,,,
6815931187,41.9958593,21.4323639,fast_food,Bürger King,,,,,Skopje,,,,,,,,,,,,,,,,,
6815931287,42.0005998,21.4192379,cafe,Saphir,,,,,Skopje,,,,,,,,,,,,,,,,,
6815931391,42.0023667,21.4222629,cafe,Majahh,,,,,Skopje,,,,,,,,,,,,,,,,,
6815931392,42.0026188,21.4186405,restaurant,Metzka,,,,,Skopje,,,,,,,,,,,,,,,,,
6821158386,42.0030613,21.4385935,cafe,Kairo,,,,,Skopje,,,,,,,,,,,,,,,,,
6821158388,41.9940274,21.4304151,cafe,Stay you,,,,,Skopje,,,,,,,,,,,,,,,,,
6821158389,41.9924937,21.4300488,cafe,JJ&S,,,,,Skopje,,,,,,,,,,,,,,,,,
6821158588,41.9942446,21.4243092,restaurant,Davidoff,,,,,Skopje,,,,,,,,,,,,,,,,,
6821158686,41.9976507,21.434633,cafe,Mulliri,,,,,Skopje,,,,,,,,,,,,,,,,,
6821158695,41.9939851,21.430389,cafe,MIG,,,,,Skopje,,,,,,,,,,,,,,,,,
6821158985,41.9934471,21.430044,restaurant,Amigos,,,,,Skopje,,,,,,,,,,,,,,,,,
6827032731,42.0027517,21.4415279,restaurant,Pizzeria Bik,,,,,Skopje,,,,,,,,,,,,,,,,,
6827032732,42.0009497,21.438158,cafe,Gallery 7,,,,,Skopje,,,,,,,,,,,,,,,,,
6827032733,42.0011296,21.4380383,restaurant,Old Balkan,,,,,Skopje,,,,,,,,,,,,,,,,,
6827074010,42.0027827,21.4402065,cafe,Sultan Kejf,,,,,Skopje,,,,,,,,,,,,,,,,,
6827076186,42.0025774,21.4371206,restaurant,Kursumli An,,,,,Skopje,,,,,,,,,,,,,,,,,
1000000477332495,41.9986791,21.4188029,cafe,цреша бар,,Рајко Жинзифов,,yes,Skopje,,,,,,,,,,,,,,,,,
1000000477333714,41.9998129,21.4229271,bar,Krug,,Наум Наумовски Борче,1000,yes,Skopje,09:00-17:00,,79,,isolated,,,,,,,,,,,,
1000000477338128,41.9973994,21.4234163,fast_food,7,,,,yes,Skopje,,,,,,,,,,,,,,,,,
1000000477338129,41.9974066,21.4235545,fast_food,7,,,,yes,Skopje,,,,,,,,,,,,,,,,,
1000000477338130,41.9973774,21.4238302,fast_food,Like Gyros,greek,,,yes,Skopje,,,,,,,,,,,,,,,,,
1000000477342114,41.994706,21.4212543,cafe,Скандал,,,,yes,Skopje,,,,,,,,,,,,,,,,,
1000000477342115,41.994676,21.4209868,cafe,Лајт кафе,,,,yes,Skopje,,,,,,,,,,,,,,,,,
1000000477342118,41.9928073,21.4209424,cafe,My Space cafe,ice_cream,Народен Фронт,1000,yes,Skopje,Mo-Su 08:00-01:00,wlan,,,isolated,,https://www.facebook.com/pages/My-Space-caf%C3%A9/150915781656629?ref=aymt_homepage_panel,,,,,,,,,,
1000000477540171,42.0007359,21.4580102,restaurant,Кремисимо 2,,,,yes,Skopje,,,,,,,,,,,,,,,,,
1000000674126648,41.9670412,21.4693029,restaurant,Везилка,,Борис Трајковски,,yes,Skopje,,,174 А,,,,,,,,,,,,,,
445422613,42.0072516,21.4871217,restaurant,Hunter’s Lodge “Kamnik”,steak_house,,,,Skopje,,,,,,,http://www.kamnik.com.mk/,,,,,,,,,,
445893304,41.9947703,21.4138028,bar,нола Бар,international,Митрополит Теодосиј Гологанов,1000,,Skopje,Mo-Fr 09:00-24:00; Sa Su 00:00-01:00 09:00-24:00,,67,+389 2 2444542,separated,yes,http://hotelimakedonija.com.mk/en/Restaurant/1073/In-Vino-Restaurant,,,,,,,,,,
1000000674126651,41.9672697,21.4691124,restaurant,Дениција,,Борис Трајковски,,yes,Skopje,,,174 А,,,,,,,,,,,,,,
1000000674314607,41.9827405,21.4392501,fast_food,Пицерија Ди Наполи,pizza,Иван Козаров,1000,yes,Skopje,,,31,,,,,,,,,,,,,,
459673240,41.9934306,21.4162239,cafe,9,,,,,Skopje,,,,,,,,,,,,,,,,,
1355306911,42.0007963,21.4175044,cafe,Кафе Филипос,coffee_shop,Благој Давков,,,Skopje,,,2,,,,,,,,,,,,,,
1355336585,42.0008922,21.4173939,fast_food,Сендвичара Попе,sandwich,,,,Skopje,,,,,,,,,,,,,,,,,
1371716593,41.9979155,21.4122694,restaurant,Топаз,,Рузвелтова,,,Skopje,,,25,,,,,,,,,,,,,,
1372568001,42.000855,21.3989291,restaurant,Веки,,Варшавска,,,Skopje,,,14,,,,,,,,,,,,,,
1377184494,42.0013936,21.4960141,restaurant,Велково Меанче,,,,,Skopje,,,,,,,,,,,,,,,,,
1378130151,41.9841333,21.4390455,restaurant,Чешма,,,,,Skopje,,,,,,,,,,,,,,,,,
1378228324,41.9710708,21.4455687,restaurant,Ресторан Трпеза,,,,,Skopje,,,,,,,,,,,,,,,,,
1378228333,41.9787578,21.4385091,restaurant,Ресторан Кум,,,,,Skopje,,,,,,,,,,,,,,,,,
1380378665,41.9997295,21.4078483,restaurant,Рустикана,burger;regional;breakfast;grill;mediterranean;balkan;chicken;kebab,Римска,1000,,Skopje,Mo-Su 10:00-00:00,wlan,6,071383382,,,,,,Saso Gligorovski Tate,dinamic.ksk@gmail.com,,,,,,
1380378702,41.9985008,21.415982,restaurant,Боеми,,,,,Skopje,,,,,,,,,,,,,,,,,
1770866402,41.9987097,21.4207447,restaurant,Пицерија Либертас,pizza,T.C Bunjakovec prv kat lok 36,1000,,Skopje,,,,070567295,,,,,,,,,,,,,
1822907697,42.0007595,21.3899358,fast_food,Лесковачка скара „Вили“,burger,,,,Skopje,,,,,,,,,,,,,,,,,
1848409293,41.9775109,21.4456487,restaurant,Ексклузив,,,,,Skopje,,,,,,,,,,,,,,,,,
1850489869,42.0578588,21.4514149,restaurant,Ресторан „Александар“,,,,,Skopje,,,,,,,,,,,,,,,,,
1850511008,42.0582551,21.4484,cafe,Royal,,,,,Skopje,,,,,,,,,,,,,,,,,
1850511013,42.060135,21.4502266,cafe,Шема,,,,,Skopje,,,,,,,,,,,,,,,,,
1850521527,42.0537503,21.4523161,restaurant,Дарвик,,,,,Skopje,,,,,,,,,,,,,,,,,
1851476126,41.9915282,21.4504664,cafe,Red Caffe,,,,,Skopje,,,,,,,,,,,,,,,,,
4531682389,41.9959806,21.4021635,restaurant,Македонска куќа,burger;regional;ice_cream;grill;crepe;coffee_shop;balkan;pancake;chicken;diner;fish;breakfast;tea;sausage;local;fine_dining;kebab;barbecue,Митрополит Теодосиј Гологанов,1000,,Skopje,Mo-Su 08:00-00:00,wlan,63,023296415,,,http://www.makedonskakuka.com,,,Kiro Ilijeski -Kambero,contact@makedonskakuka.com,,,,,,
4552084306,42.0030521,21.4648097,restaurant,Кај Тоше на Ќоше,regional,,,,Skopje,,,,,,,,,,,,,,,,,
4573205010,42.0026669,21.3963477,fast_food,Вегера,regional,,,,Skopje,Mo-Sa 06:00-24:00  Su 08:00-24:00,,,,outside,yes,,yes,,,,,,,,,
1000000176147426,42.0000219,21.4243073,cafe,Juice Bar,coffee_shop,Аминта Трети,1000,yes,Skopje,,yes,29,,outside,,,,,,,,,,,,
1000000176147429,41.9989439,21.422865,bar,Правда,,Аминта Трети,1000,yes,Skopje,,,38,,,,,,,,,,,,,,
1000000176147463,41.9998326,21.4241274,bar,C'est la vie,,,1000,yes,Skopje,,,,,,,,,,,,,,,,,
1000000176147485,41.9998462,21.4236264,bar,Бастион,,Пиринска,1000,residential,Skopje,9:00-20:00,,45,,,,https://www.facebook.com/slatkarnicanewyork,,,,,,,,,,
1000000176147491,41.9996894,21.4239688,restaurant,Sushi Ко,chinese;thai;japanese;sushi,Аминта Трети,1000,apartments,Skopje,Su-Th 12:00-23:00; Fr-Sa 10:00-00:00,,29,+389 2 3217874,separated,yes,http://www.sushico.mk,,,,,,,,,,
1000000176154876,42.0060096,21.4107344,restaurant,Лира,regional,Никола Тесла,1000,commercial,Skopje,09:00-24:00  Fr-Sa 09:00-01:00,wlan,11,+389 2 3061726,separated,yes,http://www.lyra.com.mk/,,,,gostilnica_lira@t-home.mk,,,,,yes,yes
1000000176159879,41.9968367,21.4384354,restaurant,Стара куќа,regional,Пајко Маало,1000,yes,Skopje,,,14,+389 2 3131376,separated,yes,http://starakuka.com.mk/,,yes,,,,,,,,
1000000176328169,42.0096654,21.4097243,restaurant,Балканика,regional,,1000,commercial,Skopje,,,,,separated,,,,,,,,,,,,
1000000176330620,42.0064521,21.4229569,bar,Маракана,,,1000,yes,Skopje,,,,,,,,,,,,,,,,,
1000000176331794,42.006134,21.4220098,restaurant,Уранија,,,1000,yes,Skopje,,,,,,,,,,,,,,,,,
1000000176448667,41.9957135,21.427251,restaurant,Ѕвезден Океан,chinese,,1000,yes,Skopje,,,,,,,,,,,,,,,,,
1000000177045374,42.0081706,21.4140445,restaurant,Ресторан Маргер,regional,Булевар Илинден,1000,,Skopje,08:00-24:00  Fr-Sa 08:00-01:00,,,,,,http://www.marger.com.mk,,,,,,,,,yes,yes
1000000183590615,42.0850789,21.4099117,restaurant,Национален Ресторан Чардак,macedonian,,,,Skopje,,,,,,,,,,,,,,,,,
1000000183593157,42.0863291,21.4107439,restaurant,Вила Весница,macedonian,,,,Skopje,,,,,,,,,,,,,,,,,
1000000200568446,41.9978684,21.4246142,cafe,Љубов,,,1000,yes,Skopje,,,,,,,,,,,,,,,,,
1000000344078719,42.0017015,21.3924371,restaurant,Скара Бар,regional,Варшавска,1000,commercial,Skopje,08:00-24:00,,70,+389 75 727110,separated,yes,http://skarabar.mk/,,yes,,info@skarabar.mk,,,,,,
1000000477026719,42.0023254,21.4220947,restaurant,Читална,regional,,,,Skopje,,,,,outside,,,,,,,no,,,30,,
1867176020,41.9957062,21.4304595,restaurant,Тренд,international,,,,Skopje,,,,,,,,,limited,,,,,,,,
1868812117,41.998742,21.420417,restaurant,Дестан,barbecue,,,,Skopje,,,,,separated,yes,,,,,,,,,,,
1868812169,42.0034064,21.3995909,restaurant,Ана Кристи,barbecue,,,,Skopje,,,,,,,,,,,,,,,,,
1868933572,42.0017742,21.3992299,restaurant,Фотка,macedonian,,,,Skopje,,,,,,,,,,,,,,,,,
1870054369,41.9936252,21.4275081,fast_food,Гиро,,,,,Skopje,,,,,,,,yes,,,,,no,,,,
1876583691,41.9897212,21.4768613,cafe,Кафе Писта,,,,,Skopje,,,,,,,,,,,,,,,,,
1876584011,41.9894222,21.4758817,cafe,Кафе Мамбо,,,,,Skopje,,,,,,,,,,,,,,,,,
1985948203,41.9922245,21.416522,restaurant,Balila,italian,,,,Skopje,,,,,,,,,,,,,,,,,
1999633538,41.9913688,21.4280088,restaurant,Бифиња - Рамстор,,,,,Skopje,,,,,,,,,,,,,,,,,
2004962771,42.0015351,21.4059587,fast_food,Вили,,,,,Skopje,,,,,,,,,,,,,,,,,
2054895230,41.9950653,21.4324491,cafe,Up Cafe,,,,,Skopje,,,,,,,,,,,,,,,,,
1000000477026720,42.0013395,21.4220856,bar,џубокс,,Орце Николов,100,,Skopje,,,99,,,,,,,,,,,,,,
1000000477026724,42.0020431,21.4221788,restaurant,цардак,regional,,,,Skopje,,,,,,yes,,,,,,,,,,,
1000000477325813,42.0009183,21.4202966,restaurant,Наша софра,,,,yes,Skopje,,,,,,,,,,,,,,,,,
1000000477325815,42.0015901,21.420484,restaurant,Дебар Маало,,,,yes,Skopje,,,,,,,,,,,,,,,,,
1000000477325816,42.0012484,21.4209447,restaurant,Гурмет,regional,Отон Жупанчич,1000,yes,Skopje,09:00-24:00  Fr-Sa 09:00-01:00,,3,,,,,,,,gurmet@restorani.com.mk,,,,,yes,yes
1000000477325818,42.0014088,21.4214709,restaurant,Наџак,,Мирослав Крлежа,1000,yes,Skopje,,,87,,,,,,,,,,,,,,
1000000477325822,42.0013472,21.4224135,cafe,Синдикат,,Орце Николов,1000,yes,Skopje,Mo-Su 09:00-01:00,yes,97,,,,,,,,,,,,,,
1000000477325825,42.0016502,21.4222441,restaurant,Kancelarija,,,,yes,Skopje,,,,,,,,,,,,,,,,,
1000000477325826,42.0022738,21.4223869,fast_food,Ganzoni,,,,yes,Skopje,,,,,,,,,,,,,,,,,
2105387352,42.0001581,21.4252581,restaurant,Бруклински,,Орце Николов,,,Skopje,,,75,+389 2 6091844,separated,yes,,,limited,,,,,,,,
2159535851,41.9953199,21.4347685,restaurant,Бела виста,international,Кеј 13 Ноември,1000,,Skopje,10:00-24:00  Fr-Sa 10:00-01:00,,2/4,,,,www.bellavistaskopje.mk,,,,,,,,,,
2294320125,41.993167,21.4080594,restaurant,Два Елена,,,,,Skopje,,,,,,,,,,,,,,,,,
2298054794,42.0071574,21.3722969,cafe,Badu,,,,,Skopje,,,,,,,,,,,,,,,,,
2322886873,41.9952825,21.4302915,restaurant,Арабеска,regional,,,,Skopje,,,,,,,,,,,,,,,,,
2324290153,42.003391,21.3323916,restaurant,Ореов Лад,Macedonian,,,,Skopje,,,,,,,,,,,,,,,,,
2333163643,41.9502955,21.2993843,restaurant,Кањон Матка,regional,,,,Skopje,,,,,,,,,,,,,,,,,
2334423406,41.9610975,21.2961533,restaurant,Манастирска пештера,regional,,,,Skopje,,,,,,,,,,,,,,,,,
2411329687,42.0131608,21.4117168,restaurant,Фиш,fish,,,,Skopje,,,,,,,,,,,,,,,,,
2472332550,41.9855468,21.4330638,fast_food,Go Get Burger,,,,,Skopje,,,,,,,,,,,,,,,,,
2539581007,41.9734649,21.446234,cafe,Quatro Caffe,,,,,Skopje,,yes,,,,,,,,,,,,,,,
2539581507,41.9732771,21.4456656,cafe,Bass Cafe,,,,,Skopje,,yes,,,,,,,,,,,,,,,
2580192144,41.9650429,21.4727082,restaurant,Градина,,,,,Skopje,,,,,,,,,,,,,,,,,
2814545377,41.9955477,21.4308204,cafe,Боката,,Никола Вапцаров,,,Skopje,,yes,1,,,,,,limited,,,,,,,,
2814545378,41.9949424,21.4308588,cafe,DRAMA coffee house Makedonija 41,,Македонија,1000,,Skopje,08:00-01:00,,,,,,,,,,,,,,,,
2818872887,42.0051241,21.4145137,restaurant,Сокаче,,Драган Ѓаконовски Шпато,1000,,Skopje,08:00 - 00:00,,,,,,,,,,,,,,,,
2823030396,41.9955386,21.4340509,bar,Етно-бар,,Кеј 13 Ноември,1000,,Skopje,,,,,outside,yes,,,,Etno Bar,,,,,,,
2858315264,42.0035281,21.4167758,fast_food,DM Restaurant,regional,Орце Николов,,,Skopje,10:00-00:00,,,,,,,,,,,,,,,,
2882119233,41.9799593,21.4755669,bar,Игротека Be Happy,,,,,Skopje,,,,,,,,,,,,,,,,,
2882653091,41.9834046,21.4868617,bar,Игротека Вини Пу,,Тодор Чангов 41,1000,,Skopje,Mo-Fr 09:00-18:00,,43,,,,http://www.grafikaprint.mm,,,,info@grafikaprint.mk,,,,,,
2882653092,41.9815558,21.4762981,bar,Игротека Чекорче,,,,,Skopje,,,,,,,,,,,,,,,,,
2882653097,41.9901685,21.4542682,bar,Игротека Тиквичка,,,,,Skopje,,,,,,,,,,,,,,,,,
2882653098,41.9754573,21.4440848,bar,Игротека Смајли,,,,,Skopje,,,,,,,,,,,,,,,,,
2883877894,41.9885844,21.4534598,cafe,Палма,,,,,Skopje,,yes,,,outside,yes,,,no,,,,,,,,
2883877896,41.9914536,21.4522729,restaurant,Every Day,,,,,Skopje,,,,,,,,,,,,,,,,,
2883877900,41.9874698,21.4519243,fast_food,Лесковачка Скара Вили,,,,,Skopje,,,,,,,,,,,,no,no,,,,
2887575858,41.9893772,21.4635675,fast_food,Лесковачка Вили,,,,,Skopje,,,,,,,,,,,,,,,,,
2992591829,42.0017629,21.4370632,cafe,Cafe Old Bazaar,Coffee _Tea _cold_drinks,,1000,,Skopje,08:00-23:00,yes,,,outside,,,,,,,,,,,,
3020876346,42.0597023,21.3236858,restaurant,Старо Буре,,,,,Skopje,,,,,,,,,,,,,,,,,
3101725379,41.999241,21.4368849,cafe,Old Town,,,,,Skopje,,,,,,,,,,,,,,,,,
3101726037,42.0000003,21.4358699,cafe,Nargile Cafe,,,,,Skopje,,,,,,,,,,,,,,,,,
3101726039,41.9998288,21.4358296,bar,Rakija Bar,,,,,Skopje,,,,,,,,,,,,,,,,,
3101726040,42.0000179,21.4366005,restaurant,Пивница АН,regional,Градиште,1000,,Skopje,Mo-Sa 09:00-24:00; Su 12:00-24:00,wlan,14,+389 02 321 2111,separated,yes,http://pivnicaan.mk/,,,,pivnicaan@yahoo.com,,,,,yes,yes
3103985004,41.9958677,21.4330712,cafe,Telekom Trend Lounge Bar,ice_cream;pizza;pasta,Кеј 13 Ноември,1000,,Skopje,Mo-Su 00:00-00:45 08:00-24:00,wlan,,,separated,yes,,,yes,,,,,,,,
3304519276,41.9892217,21.4634495,fast_food,Лесковац,,Булевар Јане Сандански,1000,,Skopje,,,,,isolated,,,,,,,,,,,,
3341289752,41.9944452,21.4306195,cafe,Bistro Skopje,,Македонија,1000,,Skopje,,,41,,separated,yes,,,yes,,,,,,,,
3341289753,41.9938562,21.430365,cafe,Gnezdo,,Македонија,1000,,Skopje,,,,,,,,,,,,,,,,,
3341289786,41.9929701,21.4302256,cafe,Caffe Novo,,Македонија,1000,,Skopje,,,,,,,,,,,,,,,,,
3341289788,41.9927362,21.4298728,cafe,Caffe Bar Dolce Vita,,Македонија,1000,,Skopje,,,,,,,,,,,,,,,,,
3341289789,41.9925716,21.4297981,restaurant,Damaskino,,Македонија,1000,,Skopje,,,,,,,,,,,,,,,,,
3341289790,41.9923772,21.4293734,cafe,Corsso,,Даме Груев,1000,,Skopje,,,,,,,,,,,,,,,,,
3484100384,41.9917018,21.4231542,restaurant,Dal Fufo - Galija,,,,,Skopje,,,,,,,,,,,,,,,,,
3484101195,41.9906511,21.4207515,fast_food,MFC - Macedonian Fried Chicken,burger,,,,Skopje,,,,,,,,,,,,,,,,,
3494577049,42.0048773,21.3912646,fast_food,Burger King,burger,Љубљанска,1000,,Skopje,,,,,,,,yes,,,,,,,,,
3505013893,41.9947506,21.4319604,restaurant,Destan,kebab,11 Октомври,1000,,Skopje,08:00-23:00,,,,separated,yes,,,yes,,,,,,,,
3505013993,41.9950911,21.4317257,restaurant,Ла Тераца,italian,11 Октомври,1000,,Skopje,08:00-24:00  Fr-Sa 08:00-01:00,,2,+389 2 3113380,separated,yes,,,yes,,,,,,,,
3506695093,42.0045421,21.3910004,restaurant,Brooklyn Lounge Bar,italian,,,,Skopje,08:00-00:00; Fr-Sa 08:00-01:00,,,,separated,yes,,,yes,,,,,,,,
3506696093,42.0041936,21.3909265,cafe,Trend Food Bar,,,,,Skopje,08:00-00:00; Fr-Sa 08:00-01:00,,,+389 70 306425,separated,yes,http://www.caffetrend.mk/,,,,trendcitymall@caffetrend.mk,,,,,,
3536179577,41.9953743,21.4099065,restaurant,Носталгија,,Митрополит Теодосиј Гологанов,1000,,Skopje,,wlan,,023060708,,,,,,,,,,,,,
3599403566,41.9979148,21.4020366,restaurant,Кај Маршалот,regional,Прашка,,,Skopje,,,1,,outside,,,no,,,,no,,,,,
3603174043,42.0039263,21.3871902,ice_cream,Палма,,Булевар Партизански Одреди,1000,,Skopje,,,121,,,,,,,Палма,,,,,,,
3623547525,41.9952491,21.4238539,fast_food,Burger Friends,burger,Митрополит Теодосиј Гологанов,1000,,Skopje,,,28,,,,http://www.burgerfriends.mk/,only,,,,,,,,,
3648714484,42.0062927,21.4273688,bar,Брик бар,,ул.1732,1000,,Skopje,09:00-01:00,,бр.4,,,,,,,,,,,,,,
3648714485,42.0062651,21.4063144,restaurant,Барбакан,,Булевар 8-ми Септември,1000,,Skopje,08:00-01:00,,18,,,yes,,,,,,,,,,,
3663767991,42.0038265,21.415006,cafe,The Gallery,,,1000,,Skopje,,,,,,,,,,,,,,,,,
3663767992,42.0039722,21.4151255,cafe,MonAmi,,,1000,,Skopje,,,,,,,,,,,,,,,,,
3663767994,42.0040547,21.415173,cafe,Жапон Кафе Бар,,,1000,,Skopje,07:30 - 23:30,,,,,,,,,,,,,,,,
3663767995,42.0042809,21.4146731,cafe,Cafe Bela,,,1000,,Skopje,09:00 - 00:00,,,,,,,,,,,,,,,,
3663791822,41.9811549,21.4755231,fast_food,Royal Burger,burger,Булевар Видое Смилевски Бато,1000,,Skopje,,,55,,outside,,,yes,,,,yes,no,,,,
3707090923,41.997226,21.4170693,restaurant,Еснаф кај даре,regional,,,,Skopje,,,,,,,,,,,,,,,,,
3751301960,41.9191256,21.4591155,restaurant,Ресторан Бела,regional,,,,Skopje,,,,,,,,,,,,,,,,,
3755532975,41.999411,21.4127725,cafe,Концепт37,,,,,Skopje,,,,,,,,,,,,,,,,,
3830455732,41.9824716,21.4725098,restaurant,Pizza Amica,,,,,Skopje,,,,,,,,,,,,,,,,,
3832475135,41.9922973,21.4427246,restaurant,Лезет,,,,,Skopje,,,,,,,,,,,,,,,,,
3832475147,41.9922032,21.4422139,restaurant,Кај Злате,,,,,Skopje,,,,,,,,,,,,,,,,,
3909066219,42.0084895,21.4010837,restaurant,бед бунар,,,,,Skopje,,,,,,,,,,,,,,,,,
3908954722,42.1491782,21.3000961,restaurant,Shell,,,,,Skopje,,,,,,,,,,,,,,,,,
3908954725,42.1455695,21.3023049,restaurant,Lindi,,,,,Skopje,,,,,,,,,,,,,,,,,
3908954726,42.1451824,21.3027217,restaurant,Bleta,,,,,Skopje,,,,,,,,,,,,,,,,,
4110147399,42.1382444,21.4448873,restaurant,Etna Elena,balkan,,,,Skopje,,,,,,,,,,,,,,,,,
3932033588,42.0818924,21.4037096,restaurant,Ribimiluss,pizza,,,,Skopje,,,,,,,,,,,,,,,,,
3951819586,41.9748528,21.4093282,restaurant,бимекс,regional,,,,Skopje,9:00-24:00,yes,,,no,,,,limited,,,,,,,,
4004645106,41.9957324,21.4301301,restaurant,Пекинг Гарден,chinese,Максим Горки,1000,,Skopje,Mo-Sa 11:00-24:00; Su 12:00-23:00,,3,+389 2 3221173,,,www.pekinggarden.mk,,,,reservation@pekinggarden.mk,,,,,,
4012030826,41.9960837,21.4282008,ice_cream,Сладолед Радост,,,,,Skopje,,,,,,yes,,,,,,,,,,,
4012032275,41.9928812,21.4278104,ice_cream,Ескимо,,,,,Skopje,,,,,,yes,,,,,,,,,,,
4016557277,41.9856123,21.4667276,restaurant,Campione lounge Bar,italian,Boulevard Jane Sandanski,1000,,Skopje,Mo-Su 08:00-01:00,,71A,+389 70 250 261,,,,,,Campione,,,,,,,
4016557278,41.9859376,21.4661426,restaurant,DejaVu Lounge,french,Boulevard Jane Sandanski,1000,,Skopje,Mo-Su 08:00-01:00,,71A,,,,,,,DejaVu,,,,,,,
4059907155,41.9937283,21.4171739,cafe,Авантура,,,,,Skopje,,,,,,,,,,,,,,,,,
4101107990,41.9871974,21.4365756,restaurant,Makedonska sofra,,Јужен Булевар,,,Skopje,Mo-Sa 08:00-01:00,wlan,,078929010,,,,,,,,,,,,,
4126731965,41.9973163,21.434577,restaurant,Sky ресторанот,international,,,,Skopje,,,,,,,,,,Hotel Stone Bridge,,,,,,,
4149490289,41.9933026,21.4300742,restaurant,Amigos Мексиканска Кантина,mexican,Македонија,1000,,Skopje,,,11,+389 71 230314,outside,yes,http://www.amigos.com.mk/,yes,yes,,info@amigos.com.mk,,,,,,
4187276689,41.9977923,21.4941048,fast_food,Томи,,,,,Skopje,,,,,,,,,,,,,,,,,
4190893589,42.0000584,21.4237032,fast_food,Пемпеле,,,,,Skopje,,,,,,,http://www.pizzapempele.mk,yes,,,,yes,,,,,
4195733217,41.9955972,21.4338587,restaurant,Соул кичен,international,Кеј 13 Ноември,1000,,Skopje,,,,,outside,yes,,,,Soul-Kitchen,,,,,,,
4198944089,42.004606,21.3862677,cafe,Ch2pter,,Љубљанска,,,Skopje,09:00-23:45; Fr-Sa 09:00-23:45,,4,+389 75 490 155,separated,yes,http://www.caffetrend.mk/,,,,,,,,,,
4225448689,42.0151641,21.3990452,cafe,Tonnis Bakeri,,,,,Skopje,,wlan,,,outside,,,,,Tonnish Bakeri,,,,,,,
4228828360,42.0137478,21.404147,cafe,Coffeeshop Company lounge,local,,,,Skopje,,,,,,,,,,Sistina,,,,,,,
4233194691,42.0433297,21.3418406,cafe,Makreshanki,,,,,Skopje,,,,,,,,,,,,,,,,,
4234144690,41.9984995,21.4168806,cafe,Belier,,Владимир Полежановски,1000,,Skopje,,,,,,,,,,,,,,,,,
4239053639,42.0229923,21.4307185,restaurant,Beta,,,,,Skopje,,,,,,,,,,,,,,,600,,
4247226994,42.0048738,21.3910392,cafe,Juicy and Co,,,,,Skopje,,,,,,,,,,,,,,,,,
4253210327,41.9495659,21.4212497,restaurant,Мулино Гарден,,,,,Skopje,,,,,,,,,,,,,,,,,
4275843195,41.9969599,21.4160063,restaurant,Лавче,,,,,Skopje,,,,,,,,,,,,,,,,,
4302211290,42.0030463,21.4002154,restaurant,Бабе,fish,,,,Skopje,,,,,,,,,,,,,,,,,
4304451302,41.9994358,21.4366103,cafe,Clique Bar,,,,,Skopje,24/7,wlan,,,,,,,,,,,,,,,
4318400296,41.9915744,21.4655483,restaurant,Златна вилушка,,Булевар АСНОМ,,,Skopje,,,24,,,,,,,,,,,,,,
4327921318,42.0034137,21.3986642,restaurant,Thong Thai,thai,,,,Skopje,Sa-Su 10:00-01:00,,,071 661 234,outside,,,yes,,Thong Thai,,,,,,,
4327921320,42.0033204,21.3981384,cafe,Prikazna,,,,,Skopje,,,,,,,,,,,,,,,,,
4346542839,41.9927317,21.4301208,restaurant,Lounge Bar & Restaurant Square 21,,,,,Skopje,,wlan,,,,,,,,,,,,,,,
4355253301,41.9877171,21.4531813,fast_food,Лесковачка Вили,,,,,Skopje,,,,,,,,,,,,,,,,,
4355675606,41.9788465,21.4826074,restaurant,Ресторан Златник,,,,,Skopje,,,,,,,,,,,,,,,,,
4358669396,41.99462,21.441738,bar,samocod,,,,,Skopje,,,,,,,,,,,,,,,,,
4375513890,42.0110921,21.3602983,bar,КАМИН КАМА,,Лука Геров,1000,,Skopje,Mo-Su 10:00-00:00,,,,,,,,,,,,,,,,
4375519489,41.9728434,21.4448074,cafe,Гет Кафе,,Христо Татарчев,1000,,Skopje,Mo-Su 10:00-00:00,,,,,,,,,,,,,,,,
4386326331,41.9815585,21.4559701,restaurant,Пошта,mixed,,,,Skopje,,,,,,,,,,,,no,,,,,
4386697491,41.9996587,21.4363148,bar,tavce gravce,,,,,Skopje,,,,,,,,,,,,,,,,,
4386763889,41.9999897,21.4367578,bar,beer cafe,,,,,Skopje,,,,,,,,,,,,,,,,,
4394802591,42.0031488,21.4005479,fast_food,7,,,,,Skopje,,,,,,,http://www.7.mk,,,,,,,,,,
4406532855,41.9953546,21.3679919,restaurant,Вила Веранда,local,,,,Skopje,,,,,outside,,,,,,,,,,,,
4407370494,41.9883207,21.4520843,restaurant,еквестријан,,,,,Skopje,,wlan,,,,,,,,,,,,,,,
4436518191,41.9996618,21.4362461,restaurant,Kaj Serdarot,,,,,Skopje,,,,,,,,,,,,,,,,,
4436534289,41.9996701,21.436081,restaurant,Destan,,,,,Skopje,,,,,,,,,,,,,,,,,
4436534489,41.9994953,21.4355402,restaurant,Австриска палта,,,,,Skopje,,,,,,,,,,,,,,,,,
4456514081,41.9973758,21.5737139,fast_food,Gyroland,,,,,Skopje,,,,,,,,,,,,,,,,,
4457471314,41.9864102,21.5888229,restaurant,Royal Food Zlate,,,,,Skopje,,,,,,,,,,,,,,,,,
4459578969,41.9949989,21.4355402,restaurant,Амика,international,Кеј 13 Ноември,1000,,Skopje,,,,,,,,,,,,,,,,,
4471884330,42.0059792,21.427293,restaurant,Four,international;italian;fish,,,,Skopje,,wlan,,,outside,yes,,,,Hotel Park Spa,,,,,,,
4481662566,41.995703,21.4335119,restaurant,Дион,italian,,,,Skopje,,,,,,,,,,,,,,,,,
4491144570,42.0045887,21.3936186,restaurant,Срна,regional,Никола Русински,,,Skopje,,,,,outside,,,,,,,,,,,,
4511016243,42.0436939,21.2795514,cafe,БАМИЛА,chicken;burger;sandwich;grill;breakfast;kebab;tea;coffee_shop;diner;beef_bowl,Gorno Svilare,,,Skopje,,wlan,,,,,,,,Refik,,,,,,,
4573205008,42.0034744,21.3979429,fast_food,Tripod King,asian,,,,Skopje,,,,,,,,yes,,,,,,,,,
4594432344,41.9952816,21.4348936,fast_food,Ла Пуерта,mexican,,,,Skopje,,,,,,no,,yes,,,,,,,,,
4650540393,41.9956244,21.5093746,fast_food,Ketering Vkusno,,Париска Комуна,,,Skopje,,,,,,,,,,,,,,,,,
4650542892,41.9932328,21.5078989,restaurant,Гостилница Софра,,Париска Комуна,,,Skopje,,,,,,,,,,,,,,,,,
4650625589,41.9951884,21.5099084,restaurant,Пицерија Кремисимо,,,,,Skopje,,,,,,,,,,,,,,,,,
4658223491,42.027601,21.5137772,cafe,Лав Фонтана,coffee_shop,,,,Skopje,,wlan,,,,,,,,,,,,,,,
4710531782,42.0068068,21.4264446,bar,Bar Reka,,,,,Skopje,,,,,,,,,,,,,,,,,
4720703993,41.9978436,21.4600445,restaurant,Dojrana Skopje,,,1000,,Skopje,,,,,,,,,,,,,,,,,
4734473401,42.018055,21.4474069,fast_food,Burek,regional,Булевар Христијан Тодоровски Карпош,,,Skopje,,,,,,,,,,Torbes,,,,,,,
4740748226,41.9953625,21.6126147,restaurant,Конак Јазбиње,,,,,Skopje,,,,,,,,,,,,,,,,,
4756328631,41.9932203,21.4295835,bar,GastrotecaSiesta,,,,,Skopje,10:00-0:00,,,,,yes,https://www.facebook.com/GastrotecaSiesta/,,,GastrotecaSiesta,,,,,,,
4756328632,41.9932432,21.4295835,restaurant,GastrotecaSiesta,,,,,Skopje,10:00-0:00,,,,,,https://www.facebook.com/GastrotecaSiesta/,,,,,,,,,,
4794044627,42.00231,21.4235498,bar,Speakeasy,,,,,Skopje,,,,,,,,,,,,,,,,,
4838686622,42.0060914,21.4069546,restaurant,Bonimi,regional,Булевар 8-ми Септември,,,Skopje,Mo-Su 20:00-24:00,,,,,yes,https://m.facebook.com/bonimimkd/,,,,,,,,,,
4846704245,41.9954521,21.4271773,cafe,Крин,,,,,Skopje,,,,,,yes,,,,,,,,,,,
4881325493,42.0062605,21.4061819,bar,Minus Eden,,,,,Skopje,Tu-Sa 00:00-04:00,,,,,,,,,,,,,,,,
4920962547,42.0038168,21.3878449,restaurant,Domino's,pizza,,,,Skopje,,,,,,,,only,,Domino's,,,,,,,
4976334922,41.9913259,21.4640869,restaurant,Т'га за југ,,,,,Skopje,,,,,,,,,,,,,,,,,
4990142138,42.0195979,21.4412533,restaurant,Бизнис,,Ресенска,,,Skopje,,,1,,,,,,,,,,,,,,
5019758021,42.0039853,21.4280925,restaurant,Парк,,,,,Skopje,,,,,,,,,,,,,,,,,
5033108253,42.0005946,21.4191901,restaurant,Кантина,burger;coffee_shop;sandwich;ice_cream,Радњанска,1000,,Skopje,Monday- Satudray 09:00-24:00,,4,,outside,yes,,yes,,,,,,,100,,
5041735621,42.0049046,21.3909815,fast_food,Chicken House,,,,,Skopje,,,,,,,,,,,,,,,,,
5062450021,42.0131776,21.4378942,cafe,Te Flladi,balkan,Џон Кенеди,1000,,Skopje,Mo-Su 06:00-02:00,wlan,,+38978324244,,,,,,Nazim Sulejmani,,,,,,,
5064700321,42.0353232,21.404415,restaurant,Аликас,,Ul Качанички пат,,,Skopje,,,148,,,,,,,,,,,,,,
5072397092,41.9914306,21.4633394,restaurant,Пицерија Фамилија,,,,,Skopje,,,,,,,,,,,,,,,,,
5074216083,41.9908973,21.316191,restaurant,Er & Bi,,,,,Skopje,,,,,,,www.erbi.com.mk,,,,contact@erbi.com.mk,,,,,,
5110720231,42.0011325,21.4375923,cafe,Шиша,,,,,Skopje,,,,,,yes,,,,,,,,,,,
5110720232,42.001291,21.4378235,bar,Syri,,,,,Skopje,,,,,,,,,,,,,,,,,
5123724239,41.9150979,21.5712443,restaurant,Грин Вилиџ,,,,,Skopje,Mo-Su 11:00-23:00,,,,,,,,,,,,,,,,
5129209624,42.0004422,21.4211669,bar,# hash bar,,,,,Skopje,,,,,,,,,,,,,,,,,
5131817487,41.9955107,21.425567,fast_food,Domino's Pizza,pizza,Димитрие Чуповски,1000,,Skopje,Mo-Su 10:00-24:00,,26,,,yes,,yes,,,,yes,,,,,
5131832941,41.9948293,21.4276093,restaurant,7 Скара Ресторан,grill,Даме Груев,1000,,Skopje,Mo-Th 08:00-24:00; Sa 08:00-01:00,,7,(02) 3 224 000,,yes,http://7.mk/skara-restoran/,yes,,,info@7.mk,,,,,,
5160613722,41.9899769,21.4492023,restaurant,Мезе Бар,,,1000,,Skopje,Mo-Su 08:00-01:00,wlan,,026121214,,,,,,,,,,,,,
5176248987,41.9927714,21.4192046,cafe,Изи,,,,,Skopje,,,,,,,,,,,,,,,,,
5184727125,42.0084679,21.3678533,restaurant,Ubac,,Булевар Ѓорче Петров,1000,,Skopje,,wlan,2,072555005,,,,,,,,,,,,,
5204164823,42.003398,21.4170443,fast_food,Royal Burger,,,,,Skopje,,,,,,,,,,,,,,,,,
5224224121,41.9916485,21.4223088,restaurant,Gostilnica Gurman,,,1000,,Skopje,Mo-Su 07:00-22:00,wlan,,023176200,,,,,,,ristovskidac@yahoo.com,,,,,,
5246219203,41.9868025,21.4193986,restaurant,Баба Цана,macedonian,,,,Skopje,,,,,,,,,,,,,,,,,
5284221296,42.0013652,21.4216953,cafe,Laika,,,,,Skopje,,,,,,,,,,,,,,,,,
5431407636,42.0032708,21.4012616,fast_food,Magic,,,,,Skopje,,,,,,,,,,,,,,,,,
5467884712,41.9837709,21.4808444,restaurant,Segreto Plus,,,,,Skopje,,,,,,,,,,,,yes,,,,,
5484708477,42.0007066,21.4268797,bar,Thirio,,Булевар Илинден,,,Skopje,,,38,,,,,,,,,,,,,,
5534803022,42.0023198,21.4218407,cafe,Кахава,,,1000,,Skopje,,,,,,,,,,,,,,,,,
5548809221,41.9995926,21.4366123,restaurant,кај сердарот,local;barbecue,,,,Skopje,,,,,,yes,,,,,,,,,,,
5561692079,41.9729164,21.4565032,restaurant,Тарапана,,,,,Skopje,,,,,,,,,,,,,,,,,
5572053321,42.0013292,21.4205747,restaurant,Дебар Маало,chicken;diner;beef_bowl;american;ice_cream;local;tea;pizza;burger;cake;pasta;french;italian_pizza;seafood;crepe;pancake;sandwich;vegan;coffee_shop;balkan;mediterranean;croatian;fish;kebab;breakfast;grill,Живко Чинго,1000,,Skopje,Su-Th 08:00-00:30; Fr-Sa 08:00-01:00,wlan,,076219654,,,,,,,,,,,,,
5604182920,41.9986406,21.4253762,cafe,Винил,,Булевар Партизански Одреди,1000,,Skopje,,,14,,,,https://www.facebook.com/vinylmk/,,,,,,,,,,
5622210754,42.0087916,21.4181784,cafe,Централ Парк,,,,,Skopje,,,,,,,,,,,,,,,,,
5624670966,42.0023813,21.4235595,restaurant,МЦМ Мезе Бар,balkan,Булевар Илинден,1000,,Skopje,24/7,wlan,80,+38970250420,,,,,,,mezebarmcm@gmail.com,,,,,,
5624682355,42.0028235,21.4239655,restaurant,Костарика,,,,,Skopje,,,,,,,,,,,,,,,,,
5624682356,42.003366,21.4242333,restaurant,Калабалак,,,,,Skopje,,,,,,,,,,,,,,,,,
5624682357,42.0028813,21.4240111,restaurant,Старо Скупи,,,,,Skopje,,,,,,,,,,,,,,,,,
5624682358,42.0030128,21.4240218,restaurant,Занзибар,pizza,,,,Skopje,,,,,,,,,,,,,,,,,
5626433457,42.0010941,21.4206632,restaurant,Zing,,,,,Skopje,,,,,,,,,,,,,,,,,
5782900754,41.9878133,21.4457433,fast_food,Пицерија Џокер,sandwich;italian_pizza,,1000,,Skopje,Mo-Fr 09:00-23:00; Sa 11:00-11:00; Su 12:00-20:00,,,076840031,,,,,,,bokiev44@gmail.com,,,,,,
5789449053,41.9995917,21.4361151,restaurant,СНОШТИ МИНАВ,local,,,,Skopje,,wlan,,,,,,,,,,,,,,,
5813417254,42.0009079,21.4200655,restaurant,Кафана Дебар Маало,savory_pancakes;german;chicken;diner;american;local;barbecue;tea;fine_dining;cake;pasta;international;french;greek;seafood;fish_and_chips;pancake;sandwich;vegan;coffee_shop;balkan;mediterranean;croatian;ramen;turkish;fish;kebab;grill,Живко Чинго,1000,,Skopje,Mo-Th 08:00-00:00; Fr-Su 08:00-01:00,wlan,,071 279 660,,,,,,,,,,,,,
5830234866,41.96002,21.2952137,restaurant,Fish Grill (Macedonian Cave Restaurant),,,,,Skopje,Mo-Su 09:00-21:00,,,,,yes,,,,,,,,,,,
5840484087,42.0031615,21.4001853,restaurant,Буре,Macedonian,,,,Skopje,,,,,,,,,,,,,,,,,
5841843563,41.9584413,21.2954889,cafe,Fresh,,,,,Skopje,,,,,,,,,,,,,,,,,
5859233985,42.0128215,21.4341981,cafe,Kandi,coffee_shop;balkan;ice_cream;irish;regional;tea;turkish,,255,,Skopje,Mo-Su 07:15-00:00,wlan,,,,,,,,Mensur&Hasan,,,,,,,
5863885686,42.002646,21.4614608,bar,Ле Петит,,,1000,,Skopje,Mo-Su 08:00-01:00,wlan,,,,,,,,,,,,,,,
5869018606,42.0026892,21.4605034,fast_food,Млечен ресторант АНЕ,regional;sandwich,,,,Skopje,,,,,,,,,,,,,,,,,
6032865285,42.0002555,21.4361778,cafe,k8,crepe;coffee_shop;cake;ice_cream,,,,Skopje,,,,,,,,,,,,,,,,,
6032865286,42.0002786,21.4371953,restaurant,Pçela,barbecue;local,,,,Skopje,,,,,,,,,,,,,,,,,
6054048692,41.9993211,21.4184238,fast_food,Cafe Pauza,,,,,Skopje,,,,,,,,,,,,,,,,,
6054048726,42.0003534,21.4158769,cafe,Paladin M,,,,,Skopje,,,,,,,,,,,,,,,,,
6054048730,41.9956401,21.4113199,cafe,Woodstock,,,,,Skopje,,,,,,,,,,,,,,,,,
6054050099,41.9947932,21.4135121,restaurant,Воденица,,,,,Skopje,,,,,,,,,,,,,,,,,
6089711779,42.0038026,21.3970638,cafe,Led Zeppelin,,,,,Skopje,,,,,,,,,,,,,,,,,
6102488864,41.9959518,21.4199442,restaurant,Restoran Frosina,local,,,,Skopje,,,,,,,,,,,,,,,,,
6145381755,42.0030494,21.3994796,cafe,Sugarland,,,,,Skopje,,,,,,,,,,,,,,,,,
6164755128,42.0053622,21.410023,fast_food,Spizzicotto,pizza,,,,Skopje,,,,,,,,yes,,,,,,,,,
6164755129,42.0053452,21.4101783,fast_food,Bon Appetit,sandwich,,,,Skopje,,,,,,,,,,ЈОНС-ТРОЈКА Кетеринг,,,,,,,
6228007184,42.004566,21.393778,cafe,Krem,,,,,Skopje,,,,,,,,,,,,,,,,,
6268687385,41.9826324,21.4520444,restaurant,Gala Kujna,,,,,Skopje,,,,,,,,,,,,,,,,,
6275187295,42.0365961,21.4462164,restaurant,EZO,,,,,Skopje,,,,,,,,,,,,,,,,,
6278471769,42.0127048,21.4100468,restaurant,Меана Б Јавор Мрзенци,,,,,Skopje,,,,,,,,,,,,,,,,,
6307066053,42.0012294,21.423008,cafe,fourplay,,Орце Николов,1000,,Skopje,,,93,,,,,,,,,,,,,,
6374712571,42.0055031,21.4108497,cafe,Joy Café & Bakery,sandwich;coffee_shop;bakery;ice_cream,Никола Тесла,1000,,Skopje,,,9A,+389 2 307 6955,,yes,https://www.facebook.com/joycafeandbakery/,,,,,,,,,,
6386335236,41.9996644,21.4362086,restaurant,Kaj Гоце,,,,,Skopje,,,,,,,,,,,,,,,,,
6405264185,41.9856161,21.4670662,restaurant,Пицерија Дени,pizza,,1000,,Skopje,,,,076346201,,,,,,,,,,,,,
6451451785,41.9907255,21.4260361,cafe,Coffee O'Clock,,,,,Skopje,,,,,,,,,,,,,,,,,
6466749619,41.9964359,21.4268984,bar,Mr. Jack,,,,,Skopje,,,,,,yes,,,,,,,,,,,
6551495317,42.1683969,21.5699754,restaurant,Панорама,,,,,Skopje,,,,,,,,,,,,,,,,,
6577887485,41.9992458,21.4263142,cafe,Веган365Кујна,burger;sandwich;cake;coffee_shop,Булевар Климент Охридски,,,Skopje,Mo-Fr 09:00-17:00,,,+389 75 585 255,,,https://vegan365kitchen.com/,,,,,,,,,,
6586691822,41.9819646,21.4681708,restaurant,La Pizza,,,,,Skopje,,,,072575756,,,,,,,,,,,,,
6598812862,41.9510601,21.2993568,bar,Tiamo,,,,,Skopje,,,,,,,,,,,,,,,,,
6604781586,41.9819621,21.4682623,fast_food,Ла пица,,,1000,,Skopje,Mo-Su 09:00-23:00,wlan,,+38972575756,,,http://lapizza.mk,,,Тодор Ѓорѓиев,contact@lapizza.mk,,,,,,
6632801985,41.995366,21.434863,fast_food,La Puerta,vegetarian;mexican;vegan,Кеј 13 Ноември,1000,,Skopje,Mo-Su 08:00-00:00,,,+389 78 442 897,,,http://www.lapuerta.mk/,,,,,,,,,,
6680280012,41.9994044,21.4368049,cafe,Boomerang Shisha,,Казанџиска,,,Skopje,,wlan,18,,,yes,,,,,,,,,,,
6781335887,41.999319,21.4360459,restaurant,Kebapčilinica Rio,,,,,Skopje,,,,,,,,,,,,,,,,,
6788977446,41.9995518,21.4131738,restaurant,Vega,,,,,Skopje,,,20,,,,,,,,,,,,,,
6796436088,42.0015097,21.4381319,restaurant,Сараево,,,,,Skopje,Mo-Su 07:30-19:00,,,,,,,,,,,,,,,,
6802029812,41.9973064,21.4297354,cafe,Home Brews (very good coffee!),coffee_shop;sandwich;cake,,,,Skopje,,,,,,,,,,,,,,,,,
6810254485,41.9907645,21.4251713,bar,Three Kitchen Bar,buschenschank;international,,,,Skopje,,,,,,,,,,,,,,,,,
6811622585,41.9997339,21.4358076,fast_food,Engin Cigköfte (vegetarian),sandwich;turkish;vegetarian;vegan,,,,Skopje,,,,,,,,,,,,,,,,,
6812666808,41.9963385,21.4306474,bar,Distrikt,,,,,Skopje,,,,,,,,,,,,,,,,,
6814231688,42.0006226,21.4364213,restaurant,Tako mako,,,,,Skopje,,,,,,,,,,,,,,,,,
6814231699,42.0000697,21.4373728,fast_food,Proper pizza,,,,,Skopje,,,,,,,,,,,,,,,,,
6814231700,42.0003594,21.4372514,restaurant,Ohrid,,,,,Skopje,,,,,,,,,,,,,,,,,
6814231702,41.9969456,21.4285563,restaurant,Markt kitchen,,,,,Skopje,,,,,,,,,,,,,,,,,
6814231792,41.9999671,21.4370091,cafe,Urban,,,,,Skopje,,,,,,,,,,,,,,,,,
6814231793,42.0002543,21.4374652,restaurant,Sac,,,,,Skopje,,,,,,,,,,,,,,,,,
6814236587,42.0019483,21.4224937,restaurant,Skopsko,,,,,Skopje,,,,,,,,,,,,,,,,,
6814236601,42.0025858,21.4381868,fast_food,Cardak,,,,,Skopje,,,,,,,,,,,,,,,,,
6814236605,42.0029094,21.4387207,fast_food,Tetekis,,,,,Skopje,,,,,,,,,,,,,,,,,
6814236621,42.002112,21.4385882,restaurant,Palas,,,,,Skopje,,,,,,,,,,,,,,,,,
6814245589,42.0017089,21.4219242,restaurant,Schpajs,,,,,Skopje,,,,,,,,,,,,,,,,,
6814246691,42.0005272,21.436443,restaurant,Don Giovanni,,,,,Skopje,,,,,,,,,,,,,,,,,
6815931385,42.0003785,21.4209912,bar,Nano,,,,,Skopje,,,,,,,,,,,,,,,,,
6970147987,41.9944041,21.4296298,bar,Кафе и сине Котур,,,,,Skopje,,,,,,,,,,,,,,,,,
7001354685,42.0030579,21.4009703,restaurant,Буре лептокарија,,,,,Skopje,,,,,,,,,,,,,,,,,
7027075985,41.9907915,21.4250967,bar,12-12 “Дванаес Дванаес”,,,,,Skopje,,,,,,,,,,,,,,,,,
7027229685,41.993295,21.4352029,restaurant,Ресторан Национал,,,,,Skopje,,,,,,,,,,,,,,,,,
7093171485,42.0062237,21.4157772,restaurant,Рок Кафана Рустикана 2.0,barbecue;burger;american;breakfast;balkan,Булевар Илинден,,,Skopje,Mo-Sa 10:00-24:00,wlan,,,,,,,,,,,,,,,
7119714585,42.0019011,21.413452,cafe,Рузвелт,,,,,Skopje,,wlan,,,,,,,,,,,,,,,
7130929832,42.0046693,21.4147058,restaurant,Скадарлија,international,Орце Николов,1000,,Skopje,,,,02 305 2717,separated,yes,https://restoran-skadarlija-skopje.business.site/,,,,,no,,,,,
7139002050,41.9941669,21.543324,cafe,Дени Интернационал,,,,,Skopje,,,,,,,,,,,,,,,,,
7145674630,42.0053113,21.4107876,bar,Marvel Coffee Bar,,Никола Тесла,1000,,Skopje,Mo-Su 08:00-24:00,,9,+38970278287,,,,,,,,,,,,,
7508938085,41.9791956,21.4789759,fast_food,Гранд Бургер,,,,,Skopje,,,,,,,,,,,,,,,,,
7528237388,41.9923177,21.4308681,fast_food,Per te,,,,,Skopje,,,,,,,,,,,,,,,,,
7822070322,41.9874556,21.4318702,bar,by the way,,,,,Skopje,,,,,,,,,,,,,,,,,
1000000032674255,41.992373,21.4190485,restaurant,Конструкта,,Васил Ѓоргов,1000,office,Skopje,,,,,,,,,,,,,,,,,
1000000032674402,41.9960393,21.4021466,restaurant,Македонска куќа,regional,Mitropolit Teodosij Gologanov,1000,yes,Skopje,08:00-24:00,,,,,,http://www.makedonskakuka.com/en/skopje.php,,,,contact@makedonskakuka.com,,,,,,
1000000032888514,41.9973976,21.4096987,restaurant,Сидро,fish,Атинска,1000,yes,Skopje,,,21,+38971277076,,yes,https://www.facebook.com/Riben-Restoran-Sidro-419144451554011/,,,,,,,,,,
1000000121390892,41.9953323,21.4237388,restaurant,Ресторан 2 Златника,,Митрополит Теодосиј Гологанов,1000,yes,Skopje,,,28,,,,,,limited,,,,,,,,
1000000121511379,41.9973394,21.4226605,restaurant,Керпич,,Дебарца,1000,yes,Skopje,,,21,,,,,,,,,,,,,,
1000000121511400,41.9962023,21.4220934,restaurant,Дане,regional,Киро Крстевски Платник,1000,yes,Skopje,,,2,,,,,,,,,,,,,,
1000000163062263,41.9990037,21.4187146,bar,цреша бар,,Рајко Жинзифов,1000,yes,Skopje,,,,,,,,,,,,,,,,,
1000000175207244,41.9976014,21.422252,fast_food,Pizza Delivery Mamma Italiana,pizza,Аминта Трети,1000,,Skopje,,,50,,,,https://www.facebook.com/pages/Pizza-Delivery-Mamma-Italiana/340851572669349,yes,,,,yes,no,,,,
1000000175441983,42.0030645,21.4622374,restaurant,Боними,,Трифун Хаџијанев,1000,yes,Skopje,,,8,,,,,,,,,,,,,,
1000000175463419,41.9979315,21.4599001,restaurant,Дојрана,,,1000,yes,Skopje,,,,,,,,,,,,,,,,,
1000000176147416,42.0002817,21.4241291,bar,Деус,,Антоние Грубишиќ,1000,yes,Skopje,,,1,,,,,,,,,,,,,,
1000000176147424,42.0006254,21.424371,fast_food,Pepper,regional,Аминта Трети,1000,apartments,Skopje,,,29,,,,,,,,,,,,,,
1000000223413061,41.9999119,21.4242077,cafe,Manhattan Cafe,,Аминта Трети,1000,yes,Skopje,,,29,,,,,,,,,,,,,,
1000000236539239,41.9892137,21.4466299,restaurant,Рулет,,,1000,yes,Skopje,,,,,,,,,,,,,,,,,
1000000242545718,41.9914872,21.4372289,fast_food,Zlatno petle,,,1000,yes,Skopje,,,,,,,,,,,,,,,,,
1000000248508284,42.0015806,21.4260724,restaurant,Sopotsko,,,1000,yes,Skopje,,,,,,,,,,,,,,,,,
1000000254343478,42.004176,21.4085865,fast_food,Iva,burger,,,yes,Skopje,,,,,,,,,,,,,,,,,
1000000263871750,41.9943076,21.5752234,restaurant,Doma,,,,yes,Skopje,,,,,,,,,,,,,,,,,
1000000279392654,41.9931176,21.4374003,restaurant,Kуќа,regional,,1000,yes,Skopje,,,,,,,,,,,,,,,,,
1000000305533452,41.9944607,21.441485,restaurant,Ресторан Кej,,Кеј 13 Ноември,1000,yes,Skopje,,,36,,,,,,,,,,,,,,
1000000305647156,42.00006,21.4145693,restaurant,Бравос,regional;pizza,Адолф Циборовски,1000,yes,Skopje,,,4,,,,,,,,,,,,,,
1000000332382509,41.9891201,21.429626,restaurant,Od Nas Za Vas,regional,,1000,yes,Skopje,,,,,,,,yes,,,,,,,,,
1000000355766653,41.9969286,21.4220971,cafe,Кашмир Арт Кафе,,Никола Тримпаре,1000,yes,Skopje,,,8,,,,,,,,,,,,,,
1000000357827837,41.9948411,21.4131896,restaurant,Воденица,italian,,1000,yes,Skopje,,,,,,,www.vodenicamulino.com.mk,,,,,,,,,,
1000000357827839,41.9948965,21.4129989,restaurant,Дукат,regional,Митрополит Теодосиј Гологанов,1000,yes,Skopje,Mo-Fr 08:00-24:00; Sa Su 00:00-01:00 08:00-24:00,,79,+389 2 3211011,separated,yes,,,,,gostilnicadukat@gmail.com,,,,,yes,yes
1000000358611648,42.0018539,21.3918671,restaurant,Ресторан 14,regional,Лондонска,1000,yes,Skopje,,,,+389 2 3076411,outside,,http://www.restoran14.com.mk/,,,,,,,,,,
1000000360117574,42.0137743,21.4059057,restaurant,Ден и Ноќ,regional,,1000,commercial,Skopje,,,,,,,http://www.replek.com.mk/DeniNok/zaNas.htm,,,,,,,,,,
1000000361977245,41.9867827,21.4198501,restaurant,Корнер / Баба Цана,regional,Партенија Зографски,1000,yes,Skopje,08:00 - 00:00,,34,02 312 6390 - 070/386-589,,,,,,,,,,,,,
1000000363752338,42.0010431,21.4198115,restaurant,Skopski Merak,regional,Дебарца,1000,yes,Skopje,Mo-Su 00:00-01:00 08:00-24:00,,51,,separated,yes,http://www.skopskimerak.mk/,,,,,,,,,,
1000000364669936,41.9640751,21.3016376,restaurant,Kulla Alinea,regional,,,yes,Skopje,,,,,,yes,,,,,,,,,,,
1000000365998801,42.0440002,21.3905927,restaurant,Aktiva,,,,yes,Skopje,,,,,,,,,,,,,,,,,
1000000379884574,42.003496,21.4258146,restaurant,Томче Софка,,Јордан Хаџиконстантинов Џинот,,yes,Skopje,,,14,,,,http://hotelimakedonija.com.mk/mk/Hotel/62/Hotel-Tomce-Sofka-Skopje,,,,,,,,,,
1000000379896010,41.9899916,21.4403078,restaurant,Калабалак,,,,yes,Skopje,,,,,,,,,,,,,,,,,
1000000388871332,41.9898961,21.425958,restaurant,Јавна Соба,regional,50-та дивизија,1000,yes,Skopje,08:00-24:00,,22,+389 2 6092650,no,,http://publicroom.org/contact.html,,,,contact@publicroom.org,,,,,,
1000000389881384,41.9825664,21.5874617,restaurant,Rozenberg,regional,,,yes,Skopje,,,,,,,,,,,,,,,,,
1000000390108507,42.0487648,21.4286482,restaurant,Imperial,local,,,commercial,Skopje,,,,,,,,,,,,,,,,,
1000000397784875,41.9069237,21.4138473,restaurant,Регент Клуб,,,,,Skopje,,,,,,,https://regentclub.com.mk/,,,,,,,,,,
1000000409026453,42.0013528,21.4014254,restaurant,Restoran Olive,regional,Париска,1000,yes,Skopje,Mo-Sa 09:00-24:00,,,+389 (0)2 3 06 66 23,outside,yes,https://www.facebook.com/olive.skopje/,,yes,,info@olive.mk,,,,,,
1000000410064786,41.9954379,21.4094849,restaurant,Фурна,,,,yes,Skopje,,,,,,,,,,,,,,,,,
1000000410317997,41.9971391,21.4242939,cafe,Излет,,Мирослав Крлежа,1000,yes,Skopje,,wlan,25,,,,,,,,,,,,,,
1000000411030143,41.9932491,21.4298499,cafe,Cafe Barcelona,,Македонија,1000,yes,Skopje,,,11,,,,,,,,,,,,,,
1000000411114144,42.1140737,21.4573278,restaurant,квин рибник,fish,,,yes,Skopje,Mo-Su 11:00-00:00,no,,+38978417516,,,,,,,,,,,,,
1000000445236490,41.9901284,21.436943,fast_food,Винчиторе Пица,,,,yes,Skopje,,,,,,,,,,,,,,,,,
1000000445237139,41.9895322,21.439194,restaurant,Ла Тана,,,,yes,Skopje,,,,,,,,,,,,,,,,,
1000000445237140,41.9897235,21.4394294,restaurant,Амиго,,,,yes,Skopje,,,,,,,,,,,,,,,,,
1000000445237144,41.989645,21.4393643,restaurant,Кај Злате,regional,,,yes,Skopje,,,,,,,,,,,,,,,,,
1000000445837935,42.0011507,21.4379661,restaurant,Галерија 7,turkish,,,yes,Skopje,,,,,,,,,,,,,,,,,
1000000447904291,41.9908873,21.5907654,restaurant,Black Pearl,regional,,,yes,Skopje,,,,,outside,yes,,no,,,,,,,,,
1000000464318714,41.9947102,21.4365646,fast_food,Тетекс,burger,,,,Skopje,,,,,,,,only,limited,Teteks,,,,,,,
1000000467459477,42.0090752,21.4437491,ice_cream,Embeltorja- Слаткарница Bern,,Цветан Димов,1000,yes,Skopje,,,96,,,,,,,,,,,,,,
1000000467607832,42.011451,21.4458855,restaurant,Erdi,,Сараевска,,yes,Skopje,,,,,,,,,,,,,,,,,
1000000467607833,42.0111565,21.4465923,restaurant,Vesa,,Сараевска,,yes,Skopje,,,,,,,,,,,,,,,,,
1000000467607834,42.011735,21.4452479,restaurant,Alba,,Сараевска,,hotel,Skopje,,,,,,,,,,,,,,,,,
1000000471096720,42.0082074,21.4353613,restaurant,Dielli,,,,yes,Skopje,,,,,,,,,,,,,,,,,
1000000471105231,42.011987,21.4358749,restaurant,Golden Mili,,Пере Тошев,,yes,Skopje,,,,,,,,,,,,,,,,,
1000000474042177,41.993648,21.4252196,bar,Saloon,,,,commercial,Skopje,,,,,,,,,,,,,,,,,
1000000474873952,42.0013874,21.4287397,restaurant,Кај Жабарот,,,,yes,Skopje,,,,,,,,,,,,,,,,,
1000000476186155,42.0033524,21.4791372,restaurant,Гостилница Мерак,regional,,,yes,Skopje,,,,,,,,no,,,,no,,,,,
1000000488118852,41.986059,21.4642198,cafe,Trend,,Булевар Јане Сандански,1000,yes,Skopje,,yes,,,,yes,,,,,,,,,,,
1000000496423190,42.0062332,21.4067262,restaurant,Bonimi,regional,Булевар 8-ми Септември,,roof,Skopje,Mo-Su 20:00-24:00,,,,,yes,https://m.facebook.com/bonimimkd/,,,,,,,,,,
1000000496423191,42.0063746,21.4066353,cafe,La Cafetaria,,,,roof,Skopje,,,,,,yes,,,,,,,,,,,
1000000496423192,42.0062805,21.4065102,restaurant,Барбакан,,Булевар 8-ми Септември,1000,roof,Skopje,08:00-01:00,,18,,,yes,,,,,,,,,,,
1000000542428715,42.0055378,21.3863306,fast_food,Ренде,,,,yes,Skopje,,,,,,,,,,,,,,,,,
1000000547074226,42.0048265,21.4121661,restaurant,4 Angeli,,,,yes,Skopje,,,,,,,,,,,,,,,,,
1000000553831588,42.0022389,21.4074755,cafe,Драмски Кафе Бар,,Шекспирова,1000,,Skopje,,,,,outside,yes,,,,,,,,,,,
1000000674116575,41.9519545,21.4919316,restaurant,Ваташа пекара,,Борис Трајковски,,yes,Skopje,,,89,,,,,,,,,,,,,,
1000000838984538,41.975817,21.4852834,restaurant,Куц у Кец (Панда),regional,Тодор Чангов 20,1000,yes,Skopje,,,6,,,,,,,,,,,,,,
